{
  "project_info": {
    "project_number": "378919432205",
    "firebase_url": "https://justshare-fb-default-rtdb.firebaseio.com",
    "project_id": "justshare-fb",
    "storage_bucket": "justshare-fb.appspot.com"
  },
  "client": [
    {
      "client_info": {
        "mobilesdk_app_id": "1:378919432205:android:e90d5d7c4c0a8173d36544",
        "android_client_info": {
          "package_name": "cat.copernic.justshareapp"
        }
      },
      "oauth_client": [
        {
          "client_id": "378919432205-v7bbii8kqjpqpq76mkvdpo66c5ilsu8t.apps.googleusercontent.com",
          "client_type": 1,
          "android_info": {
            "package_name": "cat.copernic.justshareapp",
            "certificate_hash": "5e52f137c6e21582a7d2a096854c1a20d4e7c274"
          }
        },
        {
          "client_id": "378919432205-sii21agpv8cnlqjdph6om84i8o1h785h.apps.googleusercontent.com",
          "client_type": 3
        }
      ],
      "api_key": [
        {
          "current_key": "AIzaSyCu0nrf-xTutNjdu-2ryglayKvi4wlksJk"
        }
      ],
      "services": {
        "appinvite_service": {
          "other_platform_oauth_client": [
            {
              "client_id": "378919432205-sii21agpv8cnlqjdph6om84i8o1h785h.apps.googleusercontent.com",
              "client_type": 3
            }
          ]
        }
      }
    },
    {
      "client_info": {
        "mobilesdk_app_id": "1:378919432205:android:423277cf82eeb095d36544",
        "android_client_info": {
          "package_name": "net.codefastly.justshare"
        }
      },
      "oauth_client": [
        {
          "client_id": "378919432205-iooc96v2jg3u38ig776c7vdqom3e11mo.apps.googleusercontent.com",
          "client_type": 1,
          "android_info": {
            "package_name": "net.codefastly.justshare",
            "certificate_hash": "5e52f137c6e21582a7d2a096854c1a20d4e7c274"
          }
        },
        {
          "client_id": "378919432205-sii21agpv8cnlqjdph6om84i8o1h785h.apps.googleusercontent.com",
          "client_type": 3
        }
      ],
      "api_key": [
        {
          "current_key": "AIzaSyCu0nrf-xTutNjdu-2ryglayKvi4wlksJk"
        }
      ],
      "services": {
        "appinvite_service": {
          "other_platform_oauth_client": [
            {
              "client_id": "378919432205-sii21agpv8cnlqjdph6om84i8o1h785h.apps.googleusercontent.com",
              "client_type": 3
            }
          ]
        }
      }
    }
  ],
  "configuration_version": "1"
}